{"55920000":{"cep":"55920-000","logradouro":"Desconhecido","complemento":"Desconhecido","unidade":"Desconhecido","bairro":"Desconhecido","localidade":"Itambé","uf":"PE","estado":"Pernambuco","regiao":"Nordeste","ibge":"2607653","gia":"Desconhecido","ddd":"81","siafi":"2597"},"01030020":{"cep":"01030-020","logradouro":"Beco da Fábrica","complemento":"Desconhecido","unidade":"Desconhecido","bairro":"Centro","localidade":"São Paulo","uf":"SP","estado":"São Paulo","regiao":"Sudeste","ibge":"3550308","gia":"1004","ddd":"11","siafi":"7107"},"01012-020":{"cep":"01012-020","logradouro":"Largo da Misericórdia","complemento":"Desconhecido","unidade":"Desconhecido","bairro":"Centro","localidade":"São Paulo","uf":"SP","estado":"São Paulo","regiao":"Sudeste","ibge":"3550308","gia":"1004","ddd":"11","siafi":"7107"},"58328000":{"cep":"58328-000","logradouro":"Desconhecido","complemento":"Desconhecido","unidade":"Desconhecido","bairro":"Desconhecido","localidade":"Pedras de Fogo","uf":"PB","estado":"Paraíba","regiao":"Nordeste","ibge":"2511202","gia":"Desconhecido","ddd":"83","siafi":"2125"}}